{
	"pattrstorage" : 	{
		"name" : "contour",
		"slots" : 		{
			"1" : 			{
				"id" : 1,
				"data" : 				{
					"number" : [ 80.0 ],
					"number[1]" : [ 500.0 ],
					"number[2]" : [ 1.0 ],
					"number[3]" : [ 480 ],
					"slider" : [ 17 ],
					"slider[1]" : [ 28.619528619528619 ],
					"slider[2]" : [ 79.524619128579531 ],
					"slider[3]" : [ 600.000000000000114 ],
					"slider[4]" : [ 1500.0 ],
					"slider[5]" : [ 341.56852086607455 ],
					"slider[6]" : [ 313.813740542178436 ],
					"toggle" : [ 0 ],
					"toggle[1]" : [ 0 ],
					"toggle[2]" : [ 0 ],
					"toggle[3]" : [ 0 ],
					"toggle[4]" : [ 0 ],
					"toggle[5]" : [ 0 ],
					"umenu" : [ 2 ],
					"umenu[1]" : [ 2 ]
				}

			}
,
			"2" : 			{
				"id" : 2,
				"data" : 				{
					"number" : [ 80.0 ],
					"number[1]" : [ 500.0 ],
					"number[2]" : [ 1.0 ],
					"number[3]" : [ 461 ],
					"slider" : [ 14 ],
					"slider[1]" : [ 28.619528619528619 ],
					"slider[2]" : [ 79.524619128579531 ],
					"slider[3]" : [ 392.82153539382017 ],
					"slider[4]" : [ 844.243739370124899 ],
					"slider[5]" : [ 454.970424417190543 ],
					"slider[6]" : [ 313.813740542178436 ],
					"toggle" : [ 1 ],
					"toggle[1]" : [ 1 ],
					"toggle[2]" : [ 1 ],
					"toggle[3]" : [ 0 ],
					"toggle[4]" : [ 0 ],
					"toggle[5]" : [ 1 ],
					"umenu" : [ 2 ],
					"umenu[1]" : [ 2 ]
				}

			}

		}

	}

}
